Tanggal,Harga Cabai,Curah Hujan,Pekan Hari Besar,Tahun
2019-01-01,23000,2.68,1,2019
2019-01-02,23000,2.16,1,2019
2019-01-03,22000,0.65,1,2019
2019-01-04,20000,0.15,1,2019
2019-01-07,17000,0.91,0,2019
2019-01-08,15000,16.3,0,2019
2019-01-09,15000,9.54,0,2019
2019-01-10,14000,4.54,0,2019
2019-01-11,15000,3.31,0,2019
2019-01-14,14000,3.02,0,2019
2019-01-15,15000,2.55,0,2019
2019-01-16,14000,2.03,0,2019
2019-01-17,15000,3.32,0,2019
2019-01-18,15000,23.94,0,2019
2019-01-21,13000,4.38,0,2019
2019-01-22,13000,1.67,0,2019
2019-01-23,12000,0.61,0,2019
2019-01-24,12000,1.09,0,2019
2019-01-25,14000,0.65,0,2019
2019-01-28,14000,2.28,0,2019
2019-01-29,14000,1.83,0,2019
2019-01-30,14000,2.31,0,2019
2019-01-31,15000,1.22,0,2019
2019-02-01,15000,1.3,0,2019
2019-02-04,16000,1.57,1,2019
2019-02-05,16000,0.88,1,2019
2019-02-06,16000,1.31,1,2019
2019-02-07,16000,0.16,1,2019
2019-02-08,16000,0.44,1,2019
2019-02-11,16000,0.14,0,2019
2019-02-12,15000,0.0,0,2019
2019-02-13,15000,0.01,0,2019
2019-02-14,14000,1.29,0,2019
2019-02-15,14000,2.57,0,2019
2019-02-18,14000,1.28,0,2019
2019-02-19,15000,0.81,0,2019
2019-02-20,15000,0.95,0,2019
2019-02-21,15000,0.68,0,2019
2019-02-22,15000,0.61,0,2019
2019-02-25,16000,0.25,0,2019
2019-02-26,16000,0.01,0,2019
2019-02-27,16000,1.3,0,2019
2019-02-28,16000,3.35,0,2019
2019-03-01,16000,0.81,0,2019
2019-03-04,16000,0.7,1,2019
2019-03-05,16000,2.3,1,2019
2019-03-06,16000,0.15,1,2019
2019-03-07,15000,0.31,1,2019
2019-03-08,15000,1.52,1,2019
2019-03-11,15000,4.15,0,2019
2019-03-12,17000,6.45,0,2019
2019-03-13,19000,5.79,0,2019
2019-03-14,19000,5.36,0,2019
2019-03-15,18000,0.87,0,2019
2019-03-18,23000,0.36,0,2019
2019-03-19,23000,0.95,0,2019
2019-03-20,22000,1.66,0,2019
2019-03-21,21000,4.13,0,2019
2019-03-22,22000,0.51,0,2019
2019-03-25,22000,3.18,0,2019
2019-03-26,22000,1.11,0,2019
2019-03-27,22000,7.43,0,2019
2019-03-28,23000,2.8,0,2019
2019-03-29,22000,0.45,0,2019
2019-04-01,24000,3.2,1,2019
2019-04-02,24000,1.29,1,2019
2019-04-03,30000,1.72,1,2019
2019-04-04,35000,1.61,1,2019
2019-04-05,37000,1.87,1,2019
2019-04-08,31000,0.53,0,2019
2019-04-09,31000,1.74,0,2019
2019-04-10,28000,0.44,0,2019
2019-04-11,27000,0.49,0,2019
2019-04-12,25000,0.34,0,2019
2019-04-15,25000,1.56,1,2019
2019-04-16,25000,1.03,1,2019
2019-04-17,26000,4.91,1,2019
2019-04-18,28000,0.91,1,2019
2019-04-19,32000,0.36,1,2019
2019-04-22,35000,0.97,1,2019
2019-04-23,33000,1.67,0,2019
2019-04-24,32000,1.65,0,2019
2019-04-25,32000,3.04,0,2019
2019-04-26,32000,3.06,0,2019
2019-04-29,39000,1.57,1,2019
2019-04-30,34000,3.19,1,2019
2019-05-01,36000,4.55,1,2019
2019-05-02,38000,3.01,1,2019
2019-05-03,40000,2.59,1,2019
2019-05-06,49000,1.18,0,2019
2019-05-07,72000,1.86,0,2019
2019-05-08,63000,14.66,0,2019
2019-05-09,54000,3.92,0,2019
2019-05-10,48000,13.08,0,2019
2019-05-13,44000,0.89,0,2019
2019-05-14,42000,8.99,0,2019
2019-05-15,37000,6.56,0,2019
2019-05-16,36000,31.15,1,2019
2019-05-17,31000,1.11,1,2019
2019-05-20,39000,4.5,1,2019
2019-05-21,38000,1.9,1,2019
2019-05-22,38000,2.2,1,2019
2019-05-23,39000,0.81,0,2019
2019-05-24,40000,0.68,0,2019
2019-05-27,41000,1.3,1,2019
2019-05-28,40000,1.96,1,2019
2019-05-29,49000,5.24,1,2019
2019-05-30,49000,7.06,1,2019
2019-05-31,50000,5.29,1,2019
2019-06-03,72000,3.81,1,2019
2019-06-04,72000,0.72,1,2019
2019-06-05,67000,2.54,1,2019
2019-06-06,64000,6.42,1,2019
2019-06-07,61000,4.17,1,2019
2019-06-10,58000,1.37,0,2019
2019-06-11,50000,1.9,0,2019
2019-06-12,56000,1.37,0,2019
2019-06-13,72000,1.41,0,2019
2019-06-14,72000,3.77,0,2019
2019-06-17,61000,0.33,0,2019
2019-06-18,49000,4.84,0,2019
2019-06-19,50000,0.51,0,2019
2019-06-20,61000,2.41,0,2019
2019-06-21,58000,5.2,0,2019
2019-06-24,60000,0.76,0,2019
2019-06-25,63000,1.57,0,2019
2019-06-26,72000,4.22,0,2019
2019-06-27,72000,3.45,0,2019
2019-06-28,55000,3.79,0,2019
2019-07-01,62000,0.35,0,2019
2019-07-02,60000,0.31,0,2019
2019-07-03,60000,0.27,0,2019
2019-07-04,60000,0.29,0,2019
2019-07-05,59000,0.56,0,2019
2019-07-08,72000,1.59,0,2019
2019-07-09,70000,3.18,0,2019
2019-07-10,67000,1.91,0,2019
2019-07-11,67000,2.88,0,2019
2019-07-12,67000,1.42,0,2019
2019-07-15,72000,2.43,0,2019
2019-07-16,72000,4.03,0,2019
2019-07-17,66000,2.72,0,2019
2019-07-18,63000,3.92,0,2019
2019-07-19,63000,5.55,0,2019
2019-07-22,58000,0.94,0,2019
2019-07-23,58000,2.14,0,2019
2019-07-24,58000,2.89,0,2019
2019-07-25,58000,4.24,0,2019
2019-07-26,56000,0.83,0,2019
2019-07-29,56000,2.8,0,2019
2019-07-30,56000,1.02,0,2019
2019-07-31,55000,1.03,0,2019
2019-08-01,55000,1.64,0,2019
2019-08-02,55000,0.56,0,2019
2019-08-05,60000,0.24,0,2019
2019-08-06,60000,0.04,0,2019
2019-08-07,64000,0.01,0,2019
2019-08-08,72000,0.14,1,2019
2019-08-09,72000,9.36,1,2019
2019-08-12,72000,0.54,1,2019
2019-08-13,72000,0.56,1,2019
2019-08-14,72000,1.98,1,2019
2019-08-15,72000,2.41,1,2019
2019-08-16,72000,3.5,1,2019
2019-08-19,72000,1.45,1,2019
2019-08-20,72000,1.24,1,2019
2019-08-21,72000,12.24,0,2019
2019-08-22,72000,0.14,0,2019
2019-08-23,72000,0.93,0,2019
2019-08-26,72000,1.29,0,2019
2019-08-27,72000,1.99,0,2019
2019-08-28,72000,1.81,0,2019
2019-08-29,72000,3.68,1,2019
2019-08-30,70000,1.42,1,2019
2019-09-02,60000,1.4,1,2019
2019-09-03,58000,9.82,1,2019
2019-09-04,57000,1.84,1,2019
2019-09-05,57000,1.38,0,2019
2019-09-06,55000,5.9,0,2019
2019-09-09,56000,12.17,0,2019
2019-09-10,48000,6.71,0,2019
2019-09-11,45000,6.12,0,2019
2019-09-12,37000,2.95,0,2019
2019-09-13,34000,3.81,0,2019
2019-09-16,40000,1.54,0,2019
2019-09-17,36000,0.4,0,2019
2019-09-18,39000,1.24,0,2019
2019-09-19,38000,8.77,0,2019
2019-09-20,37000,6.33,0,2019
2019-09-23,37000,4.53,0,2019
2019-09-24,41000,12.08,0,2019
2019-09-25,41000,9.76,0,2019
2019-09-26,41000,4.48,0,2019
2019-09-27,41000,10.53,0,2019
2019-09-30,40000,3.57,0,2019
2019-10-01,40000,4.91,0,2019
2019-10-02,44000,2.59,0,2019
2019-10-03,47000,5.65,0,2019
2019-10-04,47000,0.91,0,2019
2019-10-07,43000,3.66,0,2019
2019-10-08,47000,36.02,0,2019
2019-10-09,48000,5.06,0,2019
2019-10-10,48000,5.39,0,2019
2019-10-11,50000,3.49,0,2019
2019-10-14,41000,2.05,0,2019
2019-10-15,41000,2.05,0,2019
2019-10-16,41000,0.24,0,2019
2019-10-17,40000,6.92,0,2019
2019-10-18,33000,2.26,0,2019
2019-10-21,31000,2.3,0,2019
2019-10-22,31000,3.11,0,2019
2019-10-23,31000,4.45,0,2019
2019-10-24,31000,7.86,0,2019
2019-10-25,31000,29.43,0,2019
2019-10-28,36000,1.33,0,2019
2019-10-29,36000,1.4,0,2019
2019-10-30,37000,2.0,0,2019
2019-10-31,36000,6.78,0,2019
2019-11-01,34000,3.31,0,2019
2019-11-04,34000,3.26,0,2019
2019-11-05,34000,0.78,0,2019
2019-11-06,34000,2.25,1,2019
2019-11-07,33000,12.66,1,2019
2019-11-08,33000,12.13,1,2019
2019-11-11,37000,24.49,1,2019
2019-11-12,37000,5.98,1,2019
2019-11-13,35000,0.68,0,2019
2019-11-14,34000,1.92,0,2019
2019-11-15,34000,1.49,0,2019
2019-11-18,34000,0.89,0,2019
2019-11-19,34000,3.07,0,2019
2019-11-20,33000,2.01,0,2019
2019-11-21,33000,7.66,0,2019
2019-11-22,31000,10.73,0,2019
2019-11-25,24000,2.12,0,2019
2019-11-26,24000,0.92,0,2019
2019-11-27,24000,2.12,0,2019
2019-11-28,24000,5.88,0,2019
2019-11-29,23000,1.85,0,2019
2019-12-02,23000,8.76,0,2019
2019-12-03,23000,5.57,0,2019
2019-12-04,23000,6.21,0,2019
2019-12-05,23000,3.37,0,2019
2019-12-06,23000,7.48,0,2019
2019-12-09,26000,6.33,0,2019
2019-12-10,25000,3.39,0,2019
2019-12-11,27000,3.74,0,2019
2019-12-12,26000,23.12,0,2019
2019-12-13,26000,8.39,0,2019
2019-12-16,28000,19.76,0,2019
2019-12-17,28000,6.39,0,2019
2019-12-18,29000,3.58,0,2019
2019-12-19,29000,2.38,0,2019
2019-12-20,29000,3.82,0,2019
2019-12-23,29000,0.44,1,2019
2019-12-24,29000,3.07,1,2019
2019-12-25,30000,4.09,1,2019
2019-12-26,31000,1.73,1,2019
2019-12-27,32000,0.51,1,2019
2019-12-30,29000,3.44,1,2019
2019-12-31,29000,2.05,1,2019
2020-01-01,30000,1.52,1,2020
2020-01-02,30000,0.22,1,2020
2020-01-03,30000,3.13,1,2020
2020-01-06,32000,0.32,0,2020
2020-01-07,32000,0.19,0,2020
2020-01-08,32000,0.67,0,2020
2020-01-09,32000,2.85,0,2020
2020-01-10,31000,2.38,0,2020
2020-01-13,30000,0.8,0,2020
2020-01-14,30000,1.31,0,2020
2020-01-15,30000,0.83,0,2020
2020-01-16,30000,0.39,0,2020
2020-01-17,30000,0.97,0,2020
2020-01-20,30000,29.48,0,2020
2020-01-21,30000,6.47,0,2020
2020-01-22,30000,0.68,1,2020
2020-01-23,31000,0.26,1,2020
2020-01-24,31000,0.36,1,2020
2020-01-27,31000,0.5,1,2020
2020-01-28,31000,18.94,1,2020
2020-01-29,31000,13.65,0,2020
2020-01-30,31000,1.15,0,2020
2020-01-31,31000,1.41,0,2020
2020-02-03,38000,0.21,0,2020
2020-02-04,37000,0.24,0,2020
2020-02-05,35000,0.26,0,2020
2020-02-06,34000,2.35,0,2020
2020-02-07,34000,5.67,0,2020
2020-02-10,33000,3.66,0,2020
2020-02-11,33000,2.61,0,2020
2020-02-12,32000,5.65,0,2020
2020-02-13,32000,3.15,0,2020
2020-02-14,32000,4.69,0,2020
2020-02-17,36000,3.15,0,2020
2020-02-18,38000,9.72,0,2020
2020-02-19,38000,2.15,0,2020
2020-02-20,39000,0.35,0,2020
2020-02-21,40000,0.02,0,2020
2020-02-24,41000,0.04,0,2020
2020-02-25,41000,3.06,0,2020
2020-02-26,40000,3.79,0,2020
2020-02-27,40000,39.04,0,2020
2020-02-28,37000,27.7,0,2020
2020-03-02,33000,3.5,0,2020
2020-03-03,32000,0.61,0,2020
2020-03-04,32000,0.31,0,2020
2020-03-05,32000,1.59,0,2020
2020-03-06,32000,3.12,0,2020
2020-03-09,31000,0.34,0,2020
2020-03-10,31000,0.35,0,2020
2020-03-11,31000,0.93,0,2020
2020-03-12,31000,1.74,0,2020
2020-03-13,31000,2.06,0,2020
2020-03-16,29000,2.32,0,2020
2020-03-17,28000,5.79,0,2020
2020-03-18,25000,4.06,0,2020
2020-03-19,25000,0.56,1,2020
2020-03-20,25000,1.27,1,2020
2020-03-23,27000,3.67,1,2020
2020-03-24,27000,1.06,1,2020
2020-03-25,26000,1.95,1,2020
2020-03-26,25000,3.51,1,2020
2020-03-27,23000,0.98,1,2020
2020-03-30,29000,2.17,0,2020
2020-03-31,26000,0.79,0,2020
2020-04-01,25000,1.35,0,2020
2020-04-02,24000,0.97,0,2020
2020-04-03,22000,0.66,0,2020
2020-04-06,23000,0.94,0,2020
2020-04-07,23000,0.76,1,2020
2020-04-08,21000,3.48,1,2020
2020-04-09,20000,1.52,1,2020
2020-04-10,20000,0.46,1,2020
2020-04-13,19000,1.68,1,2020
2020-04-14,19000,4.95,0,2020
2020-04-15,19000,1.01,0,2020
2020-04-16,20000,2.97,0,2020
2020-04-17,20000,3.59,0,2020
2020-04-20,21000,1.5,0,2020
2020-04-21,22000,3.5,0,2020
2020-04-22,27000,6.6,0,2020
2020-04-23,27000,10.35,0,2020
2020-04-24,25000,3.52,0,2020
2020-04-27,21000,6.48,0,2020
2020-04-28,21000,23.66,1,2020
2020-04-29,22000,9.91,1,2020
2020-04-30,19000,6.89,1,2020
2020-05-01,19000,2.46,1,2020
2020-05-04,18000,2.21,1,2020
2020-05-05,18000,1.74,1,2020
2020-05-06,16000,1.32,1,2020
2020-05-07,16000,6.02,1,2020
2020-05-08,16000,2.02,1,2020
2020-05-11,15000,55.59,0,2020
2020-05-12,15000,31.1,0,2020
2020-05-13,15000,1.64,0,2020
2020-05-14,15000,0.99,0,2020
2020-05-15,15000,2.32,0,2020
2020-05-18,29000,1.37,1,2020
2020-05-19,30000,1.0,1,2020
2020-05-20,26000,2.72,1,2020
2020-05-21,24000,1.12,1,2020
2020-05-22,22000,1.83,1,2020
2020-05-25,21000,5.04,1,2020
2020-05-26,19000,9.9,1,2020
2020-05-27,17000,2.12,1,2020
2020-05-28,14000,5.4,1,2020
2020-05-29,14000,5.9,1,2020
2020-06-01,15000,3.65,1,2020
2020-06-02,16000,3.48,1,2020
2020-06-03,15000,5.22,1,2020
2020-06-04,15000,9.59,1,2020
2020-06-05,15000,1.29,0,2020
2020-06-08,18000,0.86,0,2020
2020-06-09,18000,2.58,0,2020
2020-06-10,18000,2.78,0,2020
2020-06-11,17000,3.83,0,2020
2020-06-12,17000,2.41,0,2020
2020-06-15,17000,6.19,0,2020
2020-06-16,17000,7.53,0,2020
2020-06-17,17000,5.39,0,2020
2020-06-18,17000,12.29,0,2020
2020-06-19,17000,1.03,0,2020
2020-06-22,22000,5.72,0,2020
2020-06-23,22000,7.37,0,2020
2020-06-24,21000,32.05,0,2020
2020-06-25,19000,4.43,0,2020
2020-06-26,19000,5.61,0,2020
2020-06-29,19000,0.7,0,2020
2020-06-30,18000,1.8,0,2020
2020-07-01,18000,1.17,0,2020
2020-07-02,18000,1.82,0,2020
2020-07-03,18000,0.87,0,2020
2020-07-06,15000,12.54,0,2020
2020-07-07,15000,3.97,0,2020
2020-07-08,17000,2.48,0,2020
2020-07-09,18000,2.93,0,2020
2020-07-10,19000,2.26,0,2020
2020-07-13,23000,8.41,0,2020
2020-07-14,23000,0.51,0,2020
2020-07-15,23000,0.57,0,2020
2020-07-16,24000,0.82,0,2020
2020-07-17,24000,2.42,0,2020
2020-07-20,24000,0.68,0,2020
2020-07-21,24000,4.82,0,2020
2020-07-22,24000,1.46,0,2020
2020-07-23,24000,2.43,0,2020
2020-07-24,24000,1.93,0,2020
2020-07-27,34000,4.28,0,2020
2020-07-28,34000,31.03,1,2020
2020-07-29,35000,7.19,1,2020
2020-07-30,34000,6.83,1,2020
2020-07-31,33000,6.91,1,2020
2020-08-03,31000,5.65,1,2020
2020-08-04,31000,4.64,0,2020
2020-08-05,24000,0.07,0,2020
2020-08-06,24000,0.15,0,2020
2020-08-07,23000,0.14,0,2020
2020-08-10,23000,1.95,0,2020
2020-08-11,23000,6.31,0,2020
2020-08-12,24000,4.78,0,2020
2020-08-13,24000,11.0,0,2020
2020-08-14,25000,2.55,1,2020
2020-08-17,24000,0.86,1,2020
2020-08-18,24000,2.45,1,2020
2020-08-19,24000,4.37,1,2020
2020-08-20,24000,3.0,1,2020
2020-08-21,23000,1.27,1,2020
2020-08-24,22000,0.21,0,2020
2020-08-25,22000,1.16,0,2020
2020-08-26,22000,0.68,0,2020
2020-08-27,22000,0.82,0,2020
2020-08-28,22000,1.12,0,2020
2020-08-31,21000,7.92,0,2020
2020-09-01,21000,4.17,0,2020
2020-09-02,21000,1.74,0,2020
2020-09-03,22000,4.11,0,2020
2020-09-04,22000,8.67,0,2020
2020-09-07,25000,17.66,0,2020
2020-09-08,25000,6.28,0,2020
2020-09-09,25000,11.23,0,2020
2020-09-10,25000,4.02,0,2020
2020-09-11,25000,27.77,0,2020
2020-09-14,29000,24.04,0,2020
2020-09-15,29000,10.26,0,2020
2020-09-16,29000,3.02,0,2020
2020-09-17,29000,3.13,0,2020
2020-09-18,29000,1.82,0,2020
2020-09-21,28000,1.81,0,2020
2020-09-22,28000,0.94,0,2020
2020-09-23,28000,1.15,0,2020
2020-09-24,26000,5.8,0,2020
2020-09-25,26000,5.78,0,2020
2020-09-28,30000,3.67,0,2020
2020-09-29,30000,8.66,0,2020
2020-09-30,33000,2.62,0,2020
2020-10-01,33000,2.56,0,2020
2020-10-02,34000,2.83,0,2020
2020-10-05,42000,5.25,0,2020
2020-10-06,43000,5.95,0,2020
2020-10-07,40000,19.43,0,2020
2020-10-08,40000,7.09,0,2020
2020-10-09,46000,5.66,0,2020
2020-10-12,37000,5.67,0,2020
2020-10-13,37000,12.15,0,2020
2020-10-14,37000,4.24,0,2020
2020-10-15,37000,4.79,0,2020
2020-10-16,37000,3.2,0,2020
2020-10-19,30000,8.47,0,2020
2020-10-20,30000,7.48,0,2020
2020-10-21,30000,4.02,0,2020
2020-10-22,27000,7.74,0,2020
2020-10-23,27000,5.13,0,2020
2020-10-26,39000,2.67,1,2020
2020-10-27,40000,7.15,1,2020
2020-10-28,39000,9.93,1,2020
2020-10-29,37000,2.45,1,2020
2020-10-30,36000,1.84,1,2020
2020-11-02,34000,2.28,0,2020
2020-11-03,34000,6.15,0,2020
2020-11-04,33000,1.38,0,2020
2020-11-05,33000,1.23,0,2020
2020-11-06,33000,2.45,0,2020
2020-11-09,38000,0.97,0,2020
2020-11-10,38000,1.16,0,2020
2020-11-11,38000,2.23,0,2020
2020-11-12,36000,3.36,0,2020
2020-11-13,36000,3.32,0,2020
2020-11-16,39000,9.93,0,2020
2020-11-17,39000,21.07,0,2020
2020-11-18,39000,6.23,0,2020
2020-11-19,39000,4.29,0,2020
2020-11-20,39000,3.33,0,2020
2020-11-23,39000,13.85,0,2020
2020-11-24,39000,41.78,0,2020
2020-11-25,39000,6.41,0,2020
2020-11-26,39000,1.12,0,2020
2020-11-27,43000,8.78,0,2020
2020-11-30,43000,5.76,0,2020
2020-12-01,43000,17.51,0,2020
2020-12-02,43000,12.81,0,2020
2020-12-03,40000,5.57,0,2020
2020-12-04,48000,7.77,0,2020
2020-12-07,43000,3.11,1,2020
2020-12-08,40000,1.56,1,2020
2020-12-09,40000,1.66,1,2020
2020-12-10,39000,2.92,1,2020
2020-12-11,39000,4.5,1,2020
2020-12-14,39000,2.0,0,2020
2020-12-15,39000,3.29,0,2020
2020-12-16,39000,6.59,0,2020
2020-12-17,40000,6.67,0,2020
2020-12-18,46000,2.65,0,2020
2020-12-21,60000,1.75,0,2020
2020-12-22,58000,9.87,1,2020
2020-12-23,55000,4.0,1,2020
2020-12-24,56000,3.16,1,2020
2020-12-25,56000,6.16,1,2020
2020-12-28,57000,2.33,1,2020
2020-12-29,54000,6.94,1,2020
2020-12-30,41000,2.92,1,2020
2020-12-31,42000,3.09,1,2020
2021-01-01,43000,6.2,1,2021
2021-01-04,44000,12.26,1,2021
2021-01-05,44000,19.43,0,2021
2021-01-06,41000,14.65,0,2021
2021-01-07,40000,3.19,0,2021
2021-01-08,40000,27.12,0,2021
2021-01-11,40000,3.59,0,2021
2021-01-12,40000,4.18,0,2021
2021-01-13,40000,7.86,0,2021
2021-01-14,40000,1.76,0,2021
2021-01-15,42000,3.29,0,2021
2021-01-18,45000,15.46,0,2021
2021-01-19,45000,3.78,0,2021
2021-01-20,45000,16.77,0,2021
2021-01-21,45000,0.4,0,2021
2021-01-22,45000,2.03,0,2021
2021-01-25,30000,1.08,0,2021
2021-01-26,30000,0.85,0,2021
2021-01-27,30000,1.44,0,2021
2021-01-28,30000,4.69,0,2021
2021-01-29,30000,7.31,0,2021
2021-02-01,42000,1.13,0,2021
2021-02-02,42000,1.72,0,2021
2021-02-03,42000,1.03,0,2021
2021-02-04,41000,3.09,0,2021
2021-02-05,41000,0.34,0,2021
2021-02-08,41000,0.7,0,2021
2021-02-09,41000,0.62,1,2021
2021-02-10,41000,5.28,1,2021
2021-02-11,40000,5.33,1,2021
2021-02-12,37000,2.54,1,2021
2021-02-15,35000,0.26,1,2021
2021-02-16,34000,0.04,0,2021
2021-02-17,29000,0.19,0,2021
2021-02-18,28000,0.57,0,2021
2021-02-19,27000,0.96,0,2021
2021-02-22,28000,0.09,0,2021
2021-02-23,28000,0.2,0,2021
2021-02-24,28000,0.67,0,2021
2021-02-25,28000,1.63,0,2021
2021-02-26,28000,1.17,0,2021
2021-03-01,28000,0.04,0,2021
2021-03-02,28000,1.29,0,2021
2021-03-03,30000,8.38,0,2021
2021-03-04,36000,0.45,0,2021
2021-03-05,38000,1.47,0,2021
2021-03-08,42000,0.16,1,2021
2021-03-09,42000,3.0,1,2021
2021-03-10,42000,1.56,1,2021
2021-03-11,41000,1.94,1,2021
2021-03-12,40000,6.73,1,2021
2021-03-15,40000,2.13,1,2021
2021-03-16,40000,9.09,1,2021
2021-03-17,40000,37.47,1,2021
2021-03-18,40000,0.81,0,2021
2021-03-19,40000,0.98,0,2021
2021-03-22,40000,4.72,0,2021
2021-03-23,40000,10.82,0,2021
2021-03-24,40000,4.46,0,2021
2021-03-25,41000,4.86,0,2021
2021-03-26,41000,5.32,0,2021
2021-03-29,42000,15.52,0,2021
2021-03-30,42000,7.46,1,2021
2021-03-31,42000,8.0,1,2021
2021-04-01,42000,0.82,1,2021
2021-04-02,43000,0.71,1,2021
2021-04-05,45000,3.52,1,2021
2021-04-06,43000,1.47,0,2021
2021-04-07,39000,8.36,0,2021
2021-04-08,37000,0.9,0,2021
2021-04-09,37000,0.85,0,2021
2021-04-12,43000,1.83,0,2021
2021-04-13,43000,6.01,0,2021
2021-04-14,44000,4.64,0,2021
2021-04-15,44000,2.15,0,2021
2021-04-16,43000,2.9,0,2021
2021-04-19,30000,1.74,0,2021
2021-04-20,30000,0.66,0,2021
2021-04-21,30000,1.03,0,2021
2021-04-22,29000,6.0,0,2021
2021-04-23,29000,10.42,0,2021
2021-04-26,29000,2.46,0,2021
2021-04-27,29000,0.94,0,2021
2021-04-28,26000,0.21,1,2021
2021-04-29,26000,1.11,1,2021
2021-04-30,26000,2.06,1,2021
2021-05-03,28000,0.97,1,2021
2021-05-04,28000,1.72,1,2021
2021-05-05,28000,2.55,0,2021
2021-05-06,27000,1.08,0,2021
2021-05-07,27000,2.13,0,2021
2021-05-10,33000,0.91,1,2021
2021-05-11,33000,1.06,1,2021
2021-05-12,31000,0.24,1,2021
2021-05-13,28000,0.45,1,2021
2021-05-14,25000,0.4,1,2021
2021-05-17,22000,2.15,1,2021
2021-05-18,22000,0.5,0,2021
2021-05-19,21000,0.57,0,2021
2021-05-20,24000,0.52,0,2021
2021-05-21,24000,0.64,0,2021
2021-05-24,18000,0.16,1,2021
2021-05-25,18000,0.57,1,2021
2021-05-26,20000,1.42,1,2021
2021-05-27,23000,2.55,1,2021
2021-05-28,23000,7.46,1,2021
2021-05-31,21000,4.14,1,2021
2021-06-01,21000,3.69,1,2021
2021-06-02,21000,5.9,1,2021
2021-06-03,20000,6.31,1,2021
2021-06-04,20000,16.71,1,2021
2021-06-07,20000,0.68,0,2021
2021-06-08,20000,1.4,0,2021
2021-06-09,20000,1.15,0,2021
2021-06-10,20000,1.41,0,2021
2021-06-11,20000,1.72,0,2021
2021-06-14,18000,1.58,0,2021
2021-06-15,18000,2.63,0,2021
2021-06-16,17000,1.14,0,2021
2021-06-17,17000,0.49,0,2021
2021-06-18,17000,1.05,0,2021
2021-06-21,19000,3.38,0,2021
2021-06-22,19000,2.0,0,2021
2021-06-23,19000,1.95,0,2021
2021-06-24,19000,3.64,0,2021
2021-06-25,19000,7.01,0,2021
2021-06-28,20000,7.68,0,2021
2021-06-29,20000,14.22,0,2021
2021-06-30,23000,0.39,0,2021
2021-07-01,23000,1.21,0,2021
2021-07-02,23000,1.39,0,2021
2021-07-05,41000,8.07,0,2021
2021-07-06,39000,22.51,0,2021
2021-07-07,30000,0.84,0,2021
2021-07-08,29000,3.47,0,2021
2021-07-09,33000,3.6,0,2021
2021-07-12,33000,17.25,0,2021
2021-07-13,33000,2.25,0,2021
2021-07-14,31000,1.61,0,2021
2021-07-15,32000,0.65,0,2021
2021-07-16,32000,0.02,0,2021
2021-07-19,41000,0.0,1,2021
2021-07-20,37000,2.82,1,2021
2021-07-21,34000,2.55,1,2021
2021-07-22,33000,6.37,1,2021
2021-07-23,33000,6.92,1,2021
2021-07-26,24000,1.68,0,2021
2021-07-27,24000,2.74,0,2021
2021-07-28,27000,5.67,0,2021
2021-07-29,30000,5.42,0,2021
2021-07-30,30000,9.24,0,2021
2021-08-02,27000,1.61,0,2021
2021-08-03,27000,10.67,0,2021
2021-08-04,28000,18.54,0,2021
2021-08-05,30000,0.62,0,2021
2021-08-06,29000,0.37,0,2021
2021-08-09,27000,2.64,1,2021
2021-08-10,27000,15.23,1,2021
2021-08-11,26000,44.75,1,2021
2021-08-12,26000,7.34,1,2021
2021-08-13,26000,23.01,1,2021
2021-08-16,24000,31.33,1,2021
2021-08-17,32000,35.4,1,2021
2021-08-18,39000,17.61,1,2021
2021-08-19,39000,6.18,1,2021
2021-08-20,29000,3.33,1,2021
2021-08-23,27000,1.89,0,2021
2021-08-24,27000,3.21,0,2021
2021-08-25,27000,0.5,0,2021
2021-08-26,26000,1.11,0,2021
2021-08-27,25000,1.17,0,2021
2021-08-30,30000,5.99,0,2021
2021-08-31,30000,31.01,0,2021
2021-09-01,30000,8.04,0,2021
2021-09-02,26000,10.07,0,2021
2021-09-03,26000,4.0,0,2021
2021-09-06,32000,1.23,0,2021
2021-09-07,30000,0.48,0,2021
2021-09-08,28000,14.8,0,2021
2021-09-09,26000,13.59,0,2021
2021-09-10,24000,2.6,0,2021
2021-09-13,28000,24.25,0,2021
2021-09-14,28000,0.05,0,2021
2021-09-15,26000,0.19,0,2021
2021-09-16,26000,0.8,0,2021
2021-09-17,26000,0.83,0,2021
2021-09-20,28000,6.04,0,2021
2021-09-21,28000,3.5,0,2021
2021-09-22,28000,7.2,0,2021
2021-09-23,29000,3.13,0,2021
2021-09-24,29000,1.17,0,2021
2021-09-27,30000,2.22,0,2021
2021-09-28,30000,23.19,0,2021
2021-09-29,30000,16.79,0,2021
2021-09-30,32000,8.48,0,2021
2021-10-01,32000,2.85,0,2021
2021-10-04,39000,1.31,0,2021
2021-10-05,39000,1.49,0,2021
2021-10-06,39000,1.41,0,2021
2021-10-07,39000,4.86,0,2021
2021-10-08,35000,5.63,0,2021
2021-10-11,24000,1.46,0,2021
2021-10-12,24000,0.61,0,2021
2021-10-13,28000,3.18,0,2021
2021-10-14,28000,3.76,0,2021
2021-10-15,24000,2.69,0,2021
2021-10-18,27000,19.91,1,2021
2021-10-19,30000,8.47,1,2021
2021-10-20,31000,14.03,1,2021
2021-10-21,32000,4.64,1,2021
2021-10-22,32000,3.11,1,2021
2021-10-25,44000,3.77,0,2021
2021-10-26,48000,4.16,0,2021
2021-10-27,48000,10.47,0,2021
2021-10-28,44000,2.02,0,2021
2021-10-29,44000,8.87,0,2021
2021-11-01,40000,10.27,0,2021
2021-11-02,40000,14.59,0,2021
2021-11-03,40000,8.79,0,2021
2021-11-04,40000,6.36,0,2021
2021-11-05,40000,6.36,0,2021
2021-11-08,43000,13.09,0,2021
2021-11-09,44000,9.06,0,2021
2021-11-10,45000,27.78,0,2021
2021-11-11,47000,7.54,0,2021
2021-11-12,47000,2.92,0,2021
2021-11-15,39000,1.54,0,2021
2021-11-16,39000,3.09,0,2021
2021-11-17,39000,8.26,0,2021
2021-11-18,33000,7.84,0,2021
2021-11-19,32000,2.67,0,2021
2021-11-22,28000,1.71,0,2021
2021-11-23,28000,3.6,0,2021
2021-11-24,28000,4.47,0,2021
2021-11-25,28000,8.96,0,2021
2021-11-26,28000,10.84,0,2021
2021-11-29,27000,5.0,0,2021
2021-11-30,27000,1.95,0,2021
2021-12-01,27000,4.81,0,2021
2021-12-02,27000,4.54,0,2021
2021-12-03,27000,14.0,0,2021
2021-12-06,27000,2.22,0,2021
2021-12-07,27000,2.77,0,2021
2021-12-08,27000,5.09,0,2021
2021-12-09,27000,7.37,0,2021
2021-12-10,27000,11.81,0,2021
2021-12-13,28000,2.82,0,2021
2021-12-14,28000,25.52,0,2021
2021-12-15,27000,5.09,0,2021
2021-12-16,27000,10.87,0,2021
2021-12-17,27000,34.13,0,2021
2021-12-20,29000,1.44,0,2021
2021-12-21,29000,6.19,0,2021
2021-12-22,29000,8.3,1,2021
2021-12-23,29000,3.42,1,2021
2021-12-24,23000,0.11,1,2021
2021-12-27,24000,1.66,1,2021
2021-12-28,20000,3.51,1,2021
2021-12-29,20000,1.14,1,2021
2021-12-30,19000,13.74,1,2021
2021-12-31,23000,35.55,1,2021
2022-01-03,19000,4.83,1,2022
2022-01-04,19000,3.97,1,2022
2022-01-05,19000,4.86,0,2022
2022-01-06,19000,1.64,0,2022
2022-01-07,19000,1.45,0,2022
2022-01-10,18000,4.08,0,2022
2022-01-11,18000,0.83,0,2022
2022-01-12,18000,0.19,0,2022
2022-01-13,18000,0.1,0,2022
2022-01-14,18000,0.07,0,2022
2022-01-17,19000,4.36,0,2022
2022-01-18,19000,6.86,0,2022
2022-01-19,19000,1.8,0,2022
2022-01-20,19000,0.23,0,2022
2022-01-21,19000,1.99,0,2022
2022-01-24,19000,1.64,0,2022
2022-01-25,19000,4.41,0,2022
2022-01-26,19000,2.36,0,2022
2022-01-27,19000,0.25,0,2022
2022-01-28,19000,0.35,0,2022
2022-01-31,22000,0.36,1,2022
2022-02-01,22000,2.07,1,2022
2022-02-02,22000,2.01,1,2022
2022-02-03,20000,1.86,1,2022
2022-02-04,23000,2.17,1,2022
2022-02-07,23000,0.78,0,2022
2022-02-08,23000,4.49,0,2022
2022-02-09,25000,3.35,0,2022
2022-02-10,29000,7.83,0,2022
2022-02-11,45000,1.79,0,2022
2022-02-14,34000,8.66,0,2022
2022-02-15,34000,24.34,0,2022
2022-02-16,35000,10.85,0,2022
2022-02-17,38000,2.15,0,2022
2022-02-18,38000,7.71,0,2022
2022-02-21,39000,0.9,0,2022
2022-02-22,38000,0.87,0,2022
2022-02-23,38000,2.02,0,2022
2022-02-24,38000,13.27,0,2022
2022-02-25,38000,19.37,1,2022
2022-02-28,42000,8.77,1,2022
2022-03-01,46000,6.03,1,2022
2022-03-02,52000,1.31,1,2022
2022-03-03,55000,1.34,1,2022
2022-03-04,58000,3.43,1,2022
2022-03-07,58000,5.32,0,2022
2022-03-08,59000,16.03,0,2022
2022-03-09,59000,5.5,0,2022
2022-03-10,59000,34.23,0,2022
2022-03-11,59000,3.25,0,2022
2022-03-14,59000,1.21,0,2022
2022-03-15,58000,2.45,0,2022
2022-03-16,58000,2.95,0,2022
2022-03-17,57000,7.42,0,2022
2022-03-18,52000,10.47,0,2022
2022-03-21,49000,2.52,0,2022
2022-03-22,48000,2.11,0,2022
2022-03-23,46000,2.74,0,2022
2022-03-24,45000,2.79,0,2022
2022-03-25,39000,1.78,0,2022
2022-03-28,35000,1.47,0,2022
2022-03-29,35000,1.76,0,2022
2022-03-30,35000,5.72,0,2022
2022-03-31,38000,2.18,0,2022
2022-04-01,38000,1.58,0,2022
2022-04-04,44000,0.24,0,2022
2022-04-05,40000,3.34,0,2022
2022-04-06,38000,2.41,0,2022
2022-04-07,29000,1.33,0,2022
2022-04-08,27000,1.63,0,2022
2022-04-11,34000,0.67,0,2022
2022-04-12,31000,0.72,1,2022
2022-04-13,29000,0.71,1,2022
2022-04-14,27000,1.96,1,2022
2022-04-15,28000,1.31,1,2022
2022-04-18,29000,2.11,1,2022
2022-04-19,29000,0.92,0,2022
2022-04-20,27000,1.66,0,2022
2022-04-21,27000,0.56,0,2022
2022-04-22,27000,1.0,0,2022
2022-04-25,24000,2.8,0,2022
2022-04-26,24000,2.72,0,2022
2022-04-27,26000,1.08,0,2022
2022-04-28,29000,0.8,1,2022
2022-04-29,29000,2.06,1,2022
2022-05-02,28000,13.69,1,2022
2022-05-03,27000,3.99,1,2022
2022-05-04,27000,3.54,1,2022
2022-05-05,26000,4.57,1,2022
2022-05-06,25000,3.43,1,2022
2022-05-09,25000,3.88,0,2022
2022-05-10,25000,16.92,0,2022
2022-05-11,23000,14.94,0,2022
2022-05-12,23000,1.41,0,2022
2022-05-13,23000,2.72,1,2022
2022-05-16,23000,11.12,1,2022
2022-05-17,23000,0.0,1,2022
2022-05-18,23000,0.06,1,2022
2022-05-19,30000,0.09,1,2022
2022-05-20,30000,0.16,0,2022
2022-05-23,34000,4.65,1,2022
2022-05-24,34000,7.12,1,2022
2022-05-25,33000,12.83,1,2022
2022-05-26,35000,1.74,1,2022
2022-05-27,37000,4.13,1,2022
2022-05-30,47000,3.25,1,2022
2022-05-31,46000,1.7,1,2022
2022-06-01,46000,3.82,1,2022
2022-06-02,46000,2.14,1,2022
2022-06-03,44000,2.72,1,2022
2022-06-06,56000,3.02,0,2022
2022-06-07,56000,2.32,0,2022
2022-06-08,67000,2.71,0,2022
2022-06-09,67000,1.18,0,2022
2022-06-10,67000,2.09,0,2022
2022-06-13,72000,3.75,0,2022
2022-06-14,72000,4.69,0,2022
2022-06-15,72000,6.05,0,2022
2022-06-16,72000,2.61,0,2022
2022-06-17,72000,4.26,0,2022
2022-06-20,72000,3.03,0,2022
2022-06-21,72000,10.14,0,2022
2022-06-22,72000,12.37,0,2022
2022-06-23,72000,74.1,0,2022
2022-06-24,72000,69.99,0,2022
2022-06-27,72000,0.87,0,2022
2022-06-28,72000,5.29,0,2022
2022-06-29,72000,1.79,0,2022
2022-06-30,72000,0.52,0,2022
2022-07-01,72000,0.51,0,2022
2022-07-04,72000,1.12,0,2022
2022-07-05,70000,3.48,0,2022
2022-07-06,72000,7.69,0,2022
2022-07-07,72000,6.46,1,2022
2022-07-08,72000,5.31,1,2022
2022-07-11,72000,1.93,1,2022
2022-07-12,72000,0.65,1,2022
2022-07-13,72000,0.43,1,2022
2022-07-14,72000,0.4,0,2022
2022-07-15,72000,8.0,0,2022
2022-07-18,72000,2.14,0,2022
2022-07-19,72000,9.87,0,2022
2022-07-20,72000,4.27,0,2022
2022-07-21,72000,1.69,0,2022
2022-07-22,72000,1.93,0,2022
2022-07-25,72000,3.44,0,2022
2022-07-26,72000,5.23,0,2022
2022-07-27,72000,9.96,1,2022
2022-07-28,72000,3.24,1,2022
2022-07-29,72000,3.33,1,2022
2022-08-01,72000,0.59,1,2022
2022-08-02,72000,7.27,1,2022
2022-08-03,72000,12.47,0,2022
2022-08-04,72000,0.62,0,2022
2022-08-05,72000,0.48,0,2022
2022-08-08,72000,0.28,0,2022
2022-08-09,72000,0.3,0,2022
2022-08-10,72000,0.82,0,2022
2022-08-11,62000,2.23,0,2022
2022-08-12,59000,6.9,0,2022
2022-08-15,59000,14.22,1,2022
2022-08-16,57000,3.8,1,2022
2022-08-17,57000,7.13,1,2022
2022-08-18,58000,19.18,1,2022
2022-08-19,72000,8.12,1,2022
2022-08-22,72000,6.56,0,2022
2022-08-23,72000,4.6,0,2022
2022-08-24,72000,2.38,0,2022
2022-08-25,72000,32.08,0,2022
2022-08-26,72000,6.78,0,2022
2022-08-29,72000,1.17,0,2022
2022-08-30,72000,0.32,0,2022
2022-08-31,72000,2.82,0,2022
2022-09-01,72000,10.51,0,2022
2022-09-02,72000,6.54,0,2022
2022-09-05,72000,1.38,0,2022
2022-09-06,72000,16.6,0,2022
2022-09-07,72000,13.49,0,2022
2022-09-08,72000,3.4,0,2022
2022-09-09,72000,0.18,0,2022
2022-09-12,49000,0.13,0,2022
2022-09-13,49000,9.26,0,2022
2022-09-14,49000,14.37,0,2022
2022-09-15,49000,2.95,0,2022
2022-09-16,49000,5.89,0,2022
2022-09-19,51000,0.6,0,2022
2022-09-20,51000,1.81,0,2022
2022-09-21,51000,7.06,0,2022
2022-09-22,50000,4.71,0,2022
2022-09-23,45000,14.25,0,2022
2022-09-26,36000,1.83,0,2022
2022-09-27,36000,5.15,0,2022
2022-09-28,36000,8.42,0,2022
2022-09-29,36000,3.89,0,2022
2022-09-30,35000,19.54,0,2022
2022-10-03,35000,8.16,0,2022
2022-10-04,40000,5.07,0,2022
2022-10-05,40000,6.06,1,2022
2022-10-06,40000,5.83,1,2022
2022-10-07,40000,14.18,1,2022
2022-10-10,46000,0.31,1,2022
2022-10-11,46000,3.85,1,2022
2022-10-12,46000,7.77,0,2022
2022-10-13,43000,0.68,0,2022
2022-10-14,38000,3.01,0,2022
2022-10-17,29000,1.65,0,2022
2022-10-18,29000,21.03,0,2022
2022-10-19,29000,13.52,0,2022
2022-10-20,28000,2.9,0,2022
2022-10-21,28000,21.49,0,2022
2022-10-24,27000,5.8,0,2022
2022-10-25,27000,5.45,0,2022
2022-10-26,26000,7.34,0,2022
2022-10-27,26000,2.54,0,2022
2022-10-28,28000,4.23,0,2022
2022-10-31,27000,19.18,0,2022
2022-11-01,27000,6.86,0,2022
2022-11-02,27000,6.24,0,2022
2022-11-03,27000,3.34,0,2022
2022-11-04,28000,35.49,0,2022
2022-11-07,23000,16.22,0,2022
2022-11-08,23000,12.17,0,2022
2022-11-09,21000,7.55,0,2022
2022-11-10,21000,10.92,0,2022
2022-11-11,20000,11.88,0,2022
2022-11-14,28000,26.39,0,2022
2022-11-15,27000,2.82,0,2022
2022-11-16,27000,7.23,0,2022
2022-11-17,27000,9.6,0,2022
2022-11-18,27000,21.45,0,2022
2022-11-21,30000,13.4,0,2022
2022-11-22,27000,14.63,0,2022
2022-11-23,24000,13.02,0,2022
2022-11-24,24000,10.51,0,2022
2022-11-25,24000,7.78,0,2022
2022-11-28,24000,1.31,0,2022
2022-11-29,24000,2.06,0,2022
2022-11-30,24000,4.89,0,2022
2022-12-01,26000,18.35,0,2022
2022-12-02,27000,9.71,0,2022
2022-12-05,28000,14.68,0,2022
2022-12-06,30000,4.78,0,2022
2022-12-07,44000,8.39,0,2022
2022-12-08,45000,30.24,0,2022
2022-12-09,40000,12.02,0,2022
2022-12-12,37000,54.82,0,2022
2022-12-13,37000,4.98,0,2022
2022-12-14,40000,13.31,0,2022
2022-12-15,40000,3.56,0,2022
2022-12-16,36000,2.39,0,2022
2022-12-19,37000,4.46,0,2022
2022-12-20,37000,1.43,0,2022
2022-12-21,37000,5.63,0,2022
2022-12-22,37000,5.82,1,2022
2022-12-23,37000,0.74,1,2022
2022-12-26,36000,1.13,1,2022
2022-12-27,33000,3.61,1,2022
2022-12-28,33000,2.31,1,2022
2022-12-29,24000,3.68,1,2022
2022-12-30,23000,6.2,1,2022
2023-01-02,30000,0.63,1,2023
2023-01-03,28000,1.31,1,2023
2023-01-04,28000,2.0,1,2023
2023-01-05,28000,2.07,0,2023
2023-01-06,28000,6.86,0,2023
2023-01-09,35000,2.95,0,2023
2023-01-10,35000,4.84,0,2023
2023-01-11,35000,2.99,0,2023
2023-01-12,35000,0.41,0,2023
2023-01-13,35000,4.2,0,2023
2023-01-16,35000,4.04,0,2023
2023-01-17,35000,2.06,0,2023
2023-01-18,35000,0.35,0,2023
2023-01-19,35000,1.67,1,2023
2023-01-20,33000,8.24,1,2023
2023-01-23,33000,55.95,1,2023
2023-01-24,35000,9.92,1,2023
2023-01-25,34000,0.93,1,2023
2023-01-26,34000,2.26,0,2023
2023-01-27,38000,1.16,0,2023
2023-01-30,40000,3.77,0,2023
2023-01-31,40000,1.8,0,2023
2023-02-01,40000,0.44,0,2023
2023-02-02,40000,0.41,0,2023
2023-02-03,50000,1.94,0,2023
2023-02-06,35000,3.09,0,2023
2023-02-07,35000,0.37,0,2023
2023-02-08,35000,1.17,0,2023
2023-02-09,41000,1.96,0,2023
2023-02-10,41000,1.82,0,2023
2023-02-13,36000,1.18,0,2023
2023-02-14,39000,1.14,0,2023
2023-02-15,39000,1.62,1,2023
2023-02-16,42000,0.39,1,2023
2023-02-17,42000,0.85,1,2023
2023-02-20,42000,1.38,1,2023
2023-02-21,45000,1.26,1,2023
2023-02-22,45000,2.03,0,2023
2023-02-23,45000,1.09,0,2023
2023-02-24,45000,0.93,0,2023
2023-02-27,45000,3.35,0,2023
2023-02-28,42000,8.86,0,2023
2023-03-01,42000,68.14,0,2023
2023-03-02,40000,7.25,0,2023
2023-03-03,40000,42.59,0,2023
2023-03-06,36000,2.6,0,2023
2023-03-07,35000,1.4,0,2023
2023-03-08,35000,0.87,0,2023
2023-03-09,35000,1.78,0,2023
2023-03-10,35000,8.23,0,2023
2023-03-13,32000,5.88,0,2023
2023-03-14,32000,3.28,0,2023
2023-03-15,31000,0.7,0,2023
2023-03-16,30000,0.33,0,2023
2023-03-17,29000,0.15,0,2023
2023-03-20,34000,0.43,1,2023
2023-03-21,34000,0.88,1,2023
2023-03-22,34000,0.29,1,2023
2023-03-23,34000,0.33,1,2023
2023-03-24,31000,1.11,1,2023
2023-03-27,24000,1.32,0,2023
2023-03-28,24000,6.07,0,2023
2023-03-29,21000,0.79,0,2023
2023-03-30,21000,2.61,0,2023
2023-03-31,21000,1.81,0,2023
2023-04-03,23000,5.5,0,2023
2023-04-04,23000,0.39,1,2023
2023-04-05,23000,0.36,1,2023
2023-04-06,23000,0.81,1,2023
2023-04-07,24000,2.63,1,2023
2023-04-10,24000,0.75,1,2023
2023-04-11,24000,0.44,0,2023
2023-04-12,24000,0.5,0,2023
2023-04-13,24000,0.52,0,2023
2023-04-14,24000,0.77,0,2023
2023-04-17,30000,0.48,0,2023
2023-04-18,28000,0.86,0,2023
2023-04-19,28000,2.34,1,2023
2023-04-20,28000,2.13,1,2023
2023-04-21,28000,0.71,1,2023
2023-04-24,28000,2.23,1,2023
2023-04-25,28000,1.31,1,2023
2023-04-26,23000,1.54,1,2023
2023-04-27,19000,2.37,0,2023
2023-04-28,19000,9.98,1,2023
2023-05-01,17000,2.82,1,2023
2023-05-02,16000,3.8,1,2023
2023-05-03,16000,1.84,1,2023
2023-05-04,16000,1.8,1,2023
2023-05-05,16000,4.07,0,2023
2023-05-08,16000,3.39,0,2023
2023-05-09,15000,1.34,0,2023
2023-05-10,15000,1.94,0,2023
2023-05-11,15000,0.67,0,2023
2023-05-12,15000,0.34,0,2023
2023-05-15,15000,0.98,1,2023
2023-05-16,15000,2.86,1,2023
2023-05-17,15000,2.88,1,2023
2023-05-18,15000,7.12,1,2023
2023-05-19,15000,4.67,1,2023
2023-05-22,20000,11.32,0,2023
2023-05-23,20000,7.44,0,2023
2023-05-24,20000,32.37,0,2023
2023-05-25,20000,2.32,0,2023
2023-05-26,19000,48.26,0,2023
2023-05-29,30000,2.55,1,2023
2023-05-30,21000,5.28,1,2023
2023-05-31,21000,3.24,1,2023
2023-06-01,21000,1.18,1,2023
2023-06-02,21000,0.61,1,2023
2023-06-05,25000,2.94,1,2023
2023-06-06,21000,5.03,1,2023
2023-06-07,21000,1.33,1,2023
2023-06-08,21000,2.18,0,2023
2023-06-09,21000,3.02,0,2023
2023-06-12,24000,1.86,0,2023
2023-06-13,24000,2.51,0,2023
2023-06-14,24000,0.76,0,2023
2023-06-15,24000,0.54,0,2023
2023-06-16,23000,1.19,0,2023
2023-06-19,22000,0.02,0,2023
2023-06-20,21000,0.16,0,2023
2023-06-21,20000,0.15,0,2023
2023-06-22,20000,0.36,0,2023
2023-06-23,20000,0.49,0,2023
2023-06-26,39000,8.7,1,2023
2023-06-27,39000,3.44,1,2023
2023-06-28,39000,2.79,1,2023
2023-06-29,39000,3.0,1,2023
2023-06-30,39000,21.35,1,2023
2023-07-03,45000,1.29,0,2023
2023-07-04,37000,3.52,0,2023
2023-07-05,30000,2.53,0,2023
2023-07-06,30000,0.26,0,2023
2023-07-07,30000,2.0,0,2023
2023-07-10,30000,7.67,0,2023
2023-07-11,30000,3.72,0,2023
2023-07-12,29000,2.05,0,2023
2023-07-13,29000,6.56,0,2023
2023-07-14,36000,6.59,0,2023
2023-07-17,31000,2.68,1,2023
2023-07-18,29000,3.95,1,2023
2023-07-19,31000,7.55,1,2023
2023-07-20,33000,2.22,1,2023
2023-07-21,33000,0.36,1,2023
2023-07-24,23000,0.02,0,2023
2023-07-25,23000,2.22,0,2023
2023-07-26,28000,3.81,0,2023
2023-07-27,28000,7.89,0,2023
2023-07-28,29000,5.27,0,2023
2023-07-31,30000,11.4,0,2023
2023-08-01,33000,1.26,0,2023
2023-08-02,30000,1.19,0,2023
2023-08-03,30000,0.84,0,2023
2023-08-04,30000,0.77,0,2023
2023-08-07,49000,6.63,0,2023
2023-08-08,41000,2.15,0,2023
2023-08-09,40000,4.54,0,2023
2023-08-10,40000,5.41,0,2023
2023-08-11,40000,0.6,0,2023
2023-08-14,59000,31.36,1,2023
2023-08-15,49000,7.35,1,2023
2023-08-16,40000,2.11,1,2023
2023-08-17,40000,6.25,1,2023
2023-08-18,48000,3.48,1,2023
2023-08-21,45000,4.71,0,2023
2023-08-22,40000,5.7,0,2023
2023-08-23,40000,14.91,0,2023
2023-08-24,40000,2.67,0,2023
2023-08-25,50000,6.12,0,2023
2023-08-28,44000,1.11,0,2023
2023-08-29,44000,3.41,0,2023
2023-08-30,51000,2.11,0,2023
2023-08-31,49000,0.44,0,2023
2023-09-01,49000,1.51,0,2023
2023-09-04,46000,4.79,0,2023
2023-09-05,44000,2.34,0,2023
2023-09-06,44000,3.53,0,2023
2023-09-07,44000,0.22,0,2023
2023-09-08,44000,1.54,0,2023
2023-09-11,33000,3.95,0,2023
2023-09-12,35000,6.56,0,2023
2023-09-13,37000,7.23,0,2023
2023-09-14,37000,1.18,0,2023
2023-09-15,37000,3.18,0,2023
2023-09-18,39000,3.95,0,2023
2023-09-19,43000,5.99,0,2023
2023-09-20,44000,16.6,0,2023
2023-09-21,40000,6.05,0,2023
2023-09-22,40000,12.79,0,2023
2023-09-25,49000,3.4,1,2023
2023-09-26,45000,7.74,1,2023
2023-09-27,45000,14.94,1,2023
2023-09-28,45000,1.33,1,2023
2023-09-29,40000,7.37,1,2023
2023-10-02,35000,11.97,0,2023
2023-10-03,35000,8.12,0,2023
2023-10-04,35000,1.14,0,2023
2023-10-05,35000,1.61,0,2023
2023-10-06,31000,1.49,0,2023
2023-10-09,31000,3.29,0,2023
2023-10-10,31000,3.0,0,2023
2023-10-11,31000,2.54,0,2023
2023-10-12,28000,1.37,0,2023
2023-10-13,28000,2.49,0,2023
2023-10-16,30000,2.87,0,2023
2023-10-17,30000,23.46,0,2023
2023-10-18,30000,3.03,0,2023
2023-10-19,30000,1.36,0,2023
2023-10-20,29000,2.25,0,2023
2023-10-23,34000,1.17,0,2023
2023-10-24,34000,2.57,0,2023
2023-10-25,41000,2.05,0,2023
2023-10-26,41000,0.72,0,2023
2023-10-27,41000,1.5,0,2023
2023-10-30,47000,3.83,0,2023
2023-10-31,46000,3.47,0,2023
2023-11-01,46000,13.31,0,2023
2023-11-02,46000,3.13,0,2023
2023-11-03,46000,1.57,0,2023
2023-11-06,54000,1.07,0,2023
2023-11-07,47000,6.15,0,2023
2023-11-08,50000,6.54,0,2023
2023-11-09,50000,5.75,0,2023
2023-11-10,57000,3.44,0,2023
2023-11-13,51000,10.31,0,2023
2023-11-14,52000,10.63,0,2023
2023-11-15,52000,7.26,0,2023
2023-11-16,54000,13.38,0,2023
2023-11-17,54000,9.46,0,2023
2023-11-20,50000,13.57,0,2023
2023-11-21,72000,49.51,0,2023
2023-11-22,72000,5.6,0,2023
2023-11-23,63000,13.85,0,2023
2023-11-24,52000,22.25,0,2023
2023-11-27,58000,3.81,0,2023
2023-11-28,58000,4.36,0,2023
2023-11-29,58000,2.78,0,2023
2023-11-30,57000,12.95,0,2023
2023-12-01,55000,19.65,0,2023
2023-12-04,72000,2.84,0,2023
2023-12-05,66000,4.28,0,2023
2023-12-06,62000,3.86,0,2023
2023-12-07,57000,4.2,0,2023
2023-12-08,61000,1.69,0,2023
2023-12-11,53000,3.19,0,2023
2023-12-12,49000,10.59,0,2023
2023-12-13,43000,1.18,0,2023
2023-12-14,39000,11.59,0,2023
2023-12-15,38000,11.87,0,2023
2023-12-18,33000,27.26,0,2023
2023-12-19,35000,2.67,0,2023
2023-12-20,33000,28.15,0,2023
2023-12-21,33000,17.51,0,2023
2023-12-22,33000,12.97,1,2023
2023-12-25,32000,18.94,1,2023
2023-12-26,31000,16.13,1,2023
2023-12-27,29000,3.83,1,2023
2023-12-28,29000,7.93,1,2023
2023-12-29,28000,49.56,1,2023
2024-01-01,28000,19.59,1,2024
2024-01-02,34000,5.99,1,2024
2024-01-03,34000,8.11,1,2024
2024-01-04,31000,0.84,1,2024
2024-01-05,28000,2.1,0,2024
2024-01-08,28000,9.6,0,2024
2024-01-09,27000,13.27,0,2024
2024-01-10,26000,15.13,0,2024
2024-01-11,26000,2.27,0,2024
2024-01-12,25000,3.43,0,2024
2024-01-15,33000,2.48,0,2024
2024-01-16,33000,9.08,0,2024
2024-01-17,32000,28.4,0,2024
2024-01-18,32000,11.62,0,2024
2024-01-19,32000,7.94,0,2024
2024-01-22,35000,0.56,0,2024
2024-01-23,31000,1.12,0,2024
2024-01-24,31000,1.19,0,2024
2024-01-25,35000,2.87,0,2024
2024-01-26,34000,4.78,0,2024
2024-01-29,34000,0.79,0,2024
2024-01-30,34000,0.09,0,2024
2024-01-31,34000,0.81,0,2024
2024-02-01,34000,0.82,0,2024
2024-02-02,34000,1.78,0,2024
2024-02-05,35000,1.06,1,2024
2024-02-06,35000,0.7,1,2024
2024-02-07,36000,2.26,1,2024
2024-02-08,36000,3.25,1,2024
2024-02-09,36000,8.53,1,2024
2024-02-12,44000,2.48,1,2024
2024-02-13,40000,1.61,1,2024
2024-02-14,40000,2.77,1,2024
2024-02-15,61000,6.26,1,2024
2024-02-16,56000,3.28,1,2024
2024-02-19,60000,11.65,0,2024
2024-02-20,58000,24.73,0,2024
2024-02-21,58000,0.76,0,2024
2024-02-22,68000,1.52,0,2024
2024-02-23,68000,0.7,0,2024
2024-02-26,65000,0.46,0,2024
2024-02-27,65000,1.6,0,2024
2024-02-28,66000,0.44,0,2024
2024-02-29,66000,8.02,0,2024
2024-03-01,61000,0.32,0,2024
2024-03-04,48000,2.5,0,2024
2024-03-05,48000,17.12,0,2024
2024-03-06,52000,0.51,0,2024
2024-03-07,57000,5.7,0,2024
2024-03-08,59000,7.73,1,2024
2024-03-11,59000,1.34,1,2024
2024-03-12,59000,0.44,1,2024
2024-03-13,72000,0.2,1,2024
2024-03-14,72000,0.08,1,2024
2024-03-15,67000,1.28,0,2024
2024-03-18,45000,0.35,0,2024
2024-03-19,39000,0.44,0,2024
2024-03-20,39000,1.63,0,2024
2024-03-21,35000,0.14,0,2024
2024-03-22,30000,1.03,0,2024
2024-03-25,44000,0.67,0,2024
2024-03-26,40000,0.93,1,2024
2024-03-27,36000,16.09,1,2024
2024-03-28,33000,0.69,1,2024
2024-03-29,33000,2.76,1,2024
2024-04-01,40000,1.38,1,2024
2024-04-02,40000,0.96,1,2024
2024-04-03,40000,1.57,1,2024
2024-04-04,40000,2.13,0,2024
2024-04-05,45000,1.37,0,2024
2024-04-08,45000,1.67,1,2024
2024-04-09,45000,17.52,1,2024
2024-04-10,45000,2.03,1,2024
2024-04-11,45000,1.07,1,2024
2024-04-12,45000,1.21,1,2024
2024-04-15,45000,3.76,0,2024
2024-04-16,24000,4.33,0,2024
2024-04-17,25000,5.03,0,2024
2024-04-18,29000,2.55,0,2024
2024-04-19,29000,7.85,0,2024
2024-04-22,33000,2.11,0,2024
2024-04-23,33000,2.41,0,2024
2024-04-24,33000,13.7,0,2024
2024-04-25,33000,1.86,0,2024
2024-04-26,33000,3.53,0,2024
2024-04-29,52000,0.32,1,2024
2024-04-30,50000,1.01,1,2024
2024-05-01,49000,5.97,1,2024
2024-05-02,46000,2.97,1,2024
2024-05-03,46000,9.35,1,2024
2024-05-06,50000,3.31,1,2024
2024-05-07,50000,2.41,1,2024
2024-05-08,50000,1.2,1,2024
2024-05-09,50000,1.69,1,2024
2024-05-10,50000,4.07,1,2024
2024-05-13,50000,1.65,0,2024
2024-05-14,50000,1.36,0,2024
2024-05-15,50000,7.45,0,2024
2024-05-16,50000,13.62,0,2024
2024-05-17,50000,4.18,0,2024
2024-05-20,72000,7.52,1,2024
2024-05-21,55000,2.42,1,2024
2024-05-22,52000,27.53,1,2024
2024-05-23,52000,3.66,1,2024
2024-05-24,52000,0.61,1,2024
2024-05-27,52000,2.27,0,2024
2024-05-28,48000,3.36,0,2024
2024-05-29,46000,2.07,1,2024
2024-05-30,46000,2.83,1,2024
2024-05-31,46000,8.03,1,2024
2024-06-03,50000,1.39,1,2024
2024-06-04,46000,1.86,1,2024
2024-06-05,49000,0.66,0,2024
2024-06-06,49000,1.89,0,2024
2024-06-07,49000,0.64,0,2024
2024-06-10,56000,2.01,0,2024
2024-06-11,49000,4.09,0,2024
2024-06-12,60000,5.98,0,2024
2024-06-13,60000,1.06,0,2024
2024-06-14,59000,1.64,1,2024
2024-06-17,59000,62.81,1,2024
2024-06-18,59000,2.71,1,2024
2024-06-19,59000,11.17,1,2024
2024-06-20,55000,18.14,1,2024
2024-06-21,53000,11.09,0,2024
2024-06-24,42000,19.96,0,2024
2024-06-25,39000,5.41,0,2024
2024-06-26,38000,9.44,0,2024
2024-06-27,34000,3.85,0,2024
2024-06-28,34000,5.05,0,2024
2024-07-01,51000,2.22,0,2024
2024-07-02,43000,1.48,0,2024
2024-07-03,40000,2.34,0,2024
2024-07-04,39000,8.87,1,2024
2024-07-05,38000,1.64,1,2024
2024-07-08,41000,2.14,1,2024
2024-07-09,38000,4.28,1,2024
2024-07-10,36000,8.93,1,2024
2024-07-11,35000,5.34,0,2024
2024-07-12,34000,2.74,0,2024
2024-07-15,43000,1.25,0,2024
2024-07-16,38000,0.3,0,2024
2024-07-17,35000,0.79,0,2024
2024-07-18,35000,0.6,0,2024
2024-07-19,31000,1.94,0,2024
2024-07-22,31000,0.12,0,2024
2024-07-23,31000,0.1,0,2024
2024-07-24,28000,0.11,0,2024
2024-07-25,28000,0.46,0,2024
2024-07-26,28000,0.42,0,2024
2024-07-29,29000,0.96,0,2024
2024-07-30,29000,1.52,0,2024
2024-07-31,29000,4.65,0,2024
2024-08-01,29000,5.55,0,2024
2024-08-02,33000,5.03,0,2024
2024-08-05,39000,2.83,0,2024
2024-08-06,39000,2.72,0,2024
2024-08-07,39000,7.24,0,2024
2024-08-08,45000,3.24,0,2024
2024-08-09,47000,4.3,0,2024
2024-08-12,47000,0.97,0,2024
2024-08-13,45000,4.08,0,2024
2024-08-14,43000,1.73,1,2024
2024-08-15,42000,2.42,1,2024
2024-08-16,39000,14.85,1,2024
2024-08-19,41000,11.66,1,2024
2024-08-20,39000,15.52,1,2024
2024-08-21,35000,2.37,0,2024
2024-08-22,35000,3.31,0,2024
2024-08-23,35000,5.78,0,2024
2024-08-26,33000,11.0,0,2024
2024-08-27,33000,37.59,0,2024
2024-08-28,33000,21.82,0,2024
2024-08-29,33000,0.61,0,2024
2024-08-30,33000,1.78,0,2024
2024-09-02,29000,6.15,0,2024
2024-09-03,29000,6.38,0,2024
2024-09-04,26000,3.42,0,2024
2024-09-05,26000,3.64,0,2024
2024-09-06,26000,8.26,0,2024
2024-09-09,23000,9.93,0,2024
2024-09-10,23000,4.9,0,2024
2024-09-11,23000,2.55,0,2024
2024-09-12,23000,5.93,0,2024
2024-09-13,23000,7.49,1,2024
2024-09-16,23000,29.0,1,2024
2024-09-17,23000,35.06,1,2024
2024-09-18,23000,0.43,1,2024
2024-09-19,23000,6.57,1,2024
2024-09-20,23000,8.32,0,2024
2024-09-23,19000,7.57,0,2024
2024-09-24,23000,5.85,0,2024
2024-09-25,23000,2.41,0,2024
2024-09-26,23000,1.46,0,2024
2024-09-27,23000,1.71,0,2024
2024-09-30,23000,4.43,0,2024
2024-10-01,22000,1.88,0,2024
2024-10-02,19000,1.92,0,2024
2024-10-03,19000,7.8,0,2024
2024-10-04,19000,11.53,0,2024
2024-10-07,24000,13.3,0,2024
2024-10-08,24000,10.43,0,2024
2024-10-09,24000,18.44,0,2024
2024-10-10,24000,12.06,0,2024
2024-10-11,24000,7.73,0,2024
2024-10-14,31000,0.79,0,2024
2024-10-15,28000,3.41,0,2024
2024-10-16,28000,4.45,0,2024
2024-10-17,28000,2.3,0,2024
2024-10-18,28000,2.55,0,2024
2024-10-21,33000,0.07,0,2024
2024-10-22,33000,0.1,0,2024
2024-10-23,31000,1.25,0,2024
2024-10-24,31000,9.18,0,2024
2024-10-25,31000,3.53,0,2024
2024-10-28,23000,4.33,0,2024
2024-10-29,23000,10.03,0,2024
2024-10-30,23000,0.67,0,2024
2024-10-31,21000,1.12,0,2024
2024-11-01,21000,1.47,0,2024
2024-11-04,27000,1.08,0,2024
2024-11-05,25000,0.49,0,2024
2024-11-06,21000,0.03,0,2024
2024-11-07,21000,5.51,0,2024
2024-11-08,24000,4.23,0,2024
2024-11-11,23000,12.06,0,2024
2024-11-12,23000,11.47,0,2024
2024-11-13,23000,5.8,0,2024
2024-11-14,23000,2.57,0,2024
2024-11-15,23000,9.84,0,2024
2024-11-18,22000,2.36,0,2024
2024-11-19,22000,27.83,0,2024
2024-11-20,21000,1.65,0,2024
2024-11-21,21000,8.33,0,2024
2024-11-22,21000,12.56,0,2024
2024-11-25,19000,3.38,1,2024
2024-11-26,19000,5.43,1,2024
2024-11-27,24000,22.2,1,2024
2024-11-28,28000,23.24,1,2024
2024-11-29,29000,11.34,1,2024
2024-12-02,20000,2.24,0,2024
2024-12-03,19000,4.46,0,2024
2024-12-04,24000,7.23,0,2024
2024-12-05,24000,1.79,0,2024
2024-12-06,24000,3.12,0,2024
2024-12-09,25000,15.6,0,2024
2024-12-10,24000,5.82,0,2024
2024-12-11,24000,4.16,0,2024
2024-12-12,24000,5.37,0,2024
2024-12-13,24000,15.07,0,2024
2024-12-16,32000,6.61,0,2024
2024-12-17,30000,6.74,0,2024
2024-12-18,30000,2.07,0,2024
2024-12-19,30000,1.22,0,2024
2024-12-20,30000,3.86,0,2024
2024-12-23,35000,4.64,1,2024
2024-12-24,45000,1.6,1,2024
2024-12-25,46000,4.84,1,2024
2024-12-26,48000,0.45,1,2024
2024-12-27,50000,0.1,1,2024
2024-12-30,45000,0.68,1,2024
2024-12-31,45000,1.83,1,2024
2025-01-01,45000,0.12,1,2025
2025-01-02,51000,0.23,1,2025
2025-01-03,50000,0.68,1,2025
2025-01-06,45000,4.7,0,2025
2025-01-07,39000,3.3,0,2025
2025-01-08,39000,6.28,0,2025
2025-01-09,39000,1.74,0,2025
2025-01-10,39000,3.41,0,2025
2025-01-13,45000,22.29,0,2025
2025-01-14,45000,7.45,0,2025
2025-01-15,50000,8.43,0,2025
2025-01-16,57000,12.21,0,2025
2025-01-17,54000,7.43,0,2025
2025-01-20,55000,1.96,0,2025
2025-01-21,55000,1.08,0,2025
2025-01-22,70000,3.78,0,2025
2025-01-23,70000,4.29,0,2025
2025-01-24,60000,5.82,1,2025
2025-01-27,60000,3.34,1,2025
2025-01-28,60000,24.65,1,2025
2025-01-29,60000,2.46,1,2025
2025-01-30,64000,0.82,1,2025
2025-01-31,62000,0.26,1,2025
2025-02-03,65000,0.18,0,2025
2025-02-04,62000,0.1,0,2025
2025-02-05,62000,0.76,0,2025
2025-02-06,58000,0.63,0,2025
2025-02-07,50000,0.83,0,2025
2025-02-10,41000,0.31,0,2025
2025-02-11,41000,0.9,0,2025
2025-02-12,39000,3.97,0,2025
2025-02-13,39000,5.48,0,2025
2025-02-14,37000,7.25,0,2025
2025-02-17,40000,1.14,0,2025
2025-02-18,39000,1.64,0,2025
2025-02-19,39000,2.4,0,2025
2025-02-20,38000,0.05,0,2025
2025-02-21,34000,2.81,0,2025
2025-02-24,40000,2.79,0,2025
2025-02-25,40000,3.51,0,2025
2025-02-26,40000,4.27,0,2025
2025-02-27,44000,4.22,0,2025
2025-02-28,43000,4.33,0,2025
